criterion_id,문서구분,문서명_조항,시행일,법적성격,대상,핵심요건,핵심수치,QUBO변환,hard_soft,출처URL,확인일,한계
L01,법령,산업안전보건기준에 관한 규칙 제232조,2026-03-02,의무,인화성 증기·가스·고체 위험장소,환기장치 및 가스 검지·경보장치 설치,,위험구역 최소 1개 적합 감지기,hard,https://www.law.go.kr/lsLinkCommonInfo.do?lsJoLnkSeq=1028063319,2026-07-26,0·1종 방폭위험장소 예외조항은 현장 법률검토 필요.
L02,법령,산업안전보건기준에 관한 규칙 제299조,2026-03-02,의무,급성 독성물질 취급설비,연결부 월 1회 이상 점검·외부누출 감지경보,월 1회 이상,독성물질 연결부 인접 감지기,hard,https://law.go.kr/LSW/lsLinkCommonInfo.do?lsJoLnkSeq=1020528783,2026-07-26,물질의 급성독성 해당 여부 별도 확인.
L03,고용노동부고시,가스누출감지경보기 설치 기술상 지침 제4조,2020-01-16,지도·권고,압축기·밸브·반응기·배관연결부·충진접속부,누출 우려 설비 주변과 가스 체류장소 설치,,누출원 인접도 보상,soft,https://www.law.go.kr/LSW/admRulLsInfoP.do?admRulSeq=2100000186062,2026-07-26,법령 의무조항과 지침을 구분해 인용.
L04,고용노동부고시,동 지침 제5조,2020-01-16,지도·권고,실내·실외 가스감지기,"풍향·풍속·비중·환기 고려; 무거운 가스 하부, 가벼운 가스 상부/환기구",,가스 비중 부적합 후보 제외,hard/soft,https://www.law.go.kr/LSW/admRulLsInfoP.do?admRulSeq=2100000186062,2026-07-26,실제 풍장·공조 데이터 필요.
L05,고용노동부고시,동 지침 제6조,2020-01-16,지도·권고,가연성가스,경보 설정,LEL 25% 이하,경보 임계값 입력,parameter,https://www.law.go.kr/LSW/admRulLsInfoP.do?admRulSeq=2100000186062,2026-07-26,센서 간격·반경 수치가 아님.
L06,고용노동부고시,동 지침 제6조,2020-01-16,지도·권고,독성가스,허용농도 이하에서 경보,허용농도 이하,가스별 임계값 입력,parameter,https://www.law.go.kr/LSW/admRulLsInfoP.do?admRulSeq=2100000186062,2026-07-26,가스별 국내 노출기준 확인 필요.
L07,고용노동부고시,동 지침 제7조,2020-01-16,지도·권고,가스누출감지경보기,경보농도 1.6배에서 응답,보통 30초 이내; CO 등 1분 이내,지연시간 위험패널티,soft,https://www.law.go.kr/LSW/admRulLsInfoP.do?admRulSeq=2100000186062,2026-07-26,제품 사양과 법정/지침 성능요건을 함께 확인.
L08,소방청고시,NFPC 203 제7조,2026-03-01,성능기준,화재감지기,공기유입구에서 이격·천장/반자 설치,공기유입구 1.5 m 이상,부적합 후보 제외,hard,https://www.law.go.kr/LSW/admRulInfoP.do?admRulSeq=2100000269850&chrClsCd=010201,2026-07-26,감지기 종류·부착높이별 표 기준 추가 적용.
L09,소방청고시,NFPC 203 제7조,2026-03-01,성능기준,복도·계단·승강로 등,장소 적응성 있는 연기감지기 설치,종류·높이·면적별 표 적용,피난동선 커버리지,hard,https://www.law.go.kr/LSW/admRulInfoP.do?admRulSeq=2100000269850&chrClsCd=010201,2026-07-26,단일 보편 반경으로 환산하지 말 것.
